{
  "version": 1,
  "author": "Ozgur Cagdas",
  "editor": "wokwi",
  "parts": [
    { "type": "wokwi-breadboard", "id": "bb2", "top": -99, "left": 12.4, "attrs": {} },
    { "type": "wokwi-breadboard-half", "id": "bb1", "top": -99, "left": -362, "attrs": {} },
    {
      "type": "wokwi-pi-pico",
      "id": "pico",
      "top": -95.3,
      "left": -184.35,
      "rotate": 90,
      "attrs": { "env": "micropython-20231005-v1.21.0" }
    },
    { "type": "wokwi-gnd", "id": "gnd2", "top": 153.6, "left": 594.6, "attrs": {} },
    {
      "type": "wokwi-7segment",
      "id": "sevseg5",
      "top": -32.58,
      "left": 173.92,
      "attrs": { "digits": "4" }
    },
    { "type": "wokwi-vcc", "id": "vcc1", "top": -268.04, "left": 307.2, "attrs": {} },
    {
      "type": "wokwi-pushbutton",
      "id": "btn1",
      "top": -9.7,
      "left": 368.3,
      "rotate": 90,
      "attrs": { "color": "green", "bounce": "1" }
    },
    {
      "type": "wokwi-slide-potentiometer",
      "id": "pot1",
      "top": -196.4,
      "left": 311.2,
      "rotate": 270,
      "attrs": { "travelLength": "30" }
    },
    {
      "type": "wokwi-ntc-temperature-sensor",
      "id": "ntc1",
      "top": -151.5,
      "left": 489.1,
      "rotate": 90,
      "attrs": {}
    },
    {
      "type": "wokwi-photoresistor-sensor",
      "id": "ldr1",
      "top": -163.5,
      "left": 397.7,
      "rotate": 90,
      "attrs": {}
    }
  ],
  "connections": [
    [ "bb2:23t.a", "bb2:1t.a", "blue", [ "v-9.6", "h-211.2" ] ],
    [ "bb2:27t.a", "bb2:2t.a", "blue", [ "v-19.2", "h-240" ] ],
    [ "bb2:25b.j", "bb2:3b.j", "blue", [ "v9.6", "h-211.2" ] ],
    [ "bb2:23b.j", "bb2:4b.j", "purple", [ "v19.2", "h-172.8" ] ],
    [ "bb2:22b.j", "bb2:5b.j", "blue", [ "v28.8", "h-211.2" ] ],
    [ "bb2:24t.a", "bb2:6t.a", "blue", [ "v-28.8", "h-259.2" ] ],
    [ "bb2:26b.j", "bb2:7b.j", "blue", [ "v38.4", "h-240" ] ],
    [ "bb2:24b.j", "bb2:8b.j", "blue", [ "v48", "h-153.6" ] ],
    [ "bb2:3b.f", "bb2:3t.e", "blue", [ "v0" ] ],
    [ "bb2:4b.f", "bb2:4t.e", "blue", [ "v0" ] ],
    [ "bb2:5b.f", "bb2:5t.e", "blue", [ "v0" ] ],
    [ "bb2:6b.f", "bb2:6t.e", "blue", [ "v0" ] ],
    [ "bb2:7b.f", "bb2:7t.e", "blue", [ "v0" ] ],
    [ "bb2:8b.f", "bb2:8t.e", "blue", [ "v0" ] ],
    [ "bb2:1b.f", "bb2:1t.e", "blue", [ "v0" ] ],
    [ "bb2:2b.f", "bb2:2t.e", "blue", [ "v0" ] ],
    [ "gnd2:GND", "bb2:bn.49", "black", [ "v0" ] ],
    [ "bb2:bn.50", "bb2:tn.50", "black", [ "v-1.3", "h37.6", "v-163.2" ] ],
    [ "bb2:tp.50", "bb2:bp.50", "red", [ "v0.3", "h47.2", "v172.8" ] ],
    [ "bb2:1t.d", "bb1:30t.b", "gray", [ "h-48", "v-19.2" ] ],
    [ "bb2:3t.b", "bb1:27t.a", "blue", [ "v-28.8", "h-144" ] ],
    [ "bb2:4b.g", "bb1:26t.a", "limegreen", [ "v-38.4", "h-96", "v-67.2", "h-67.2" ] ],
    [ "bb2:5b.g", "bb1:25t.a", "cyan", [ "v-28.8", "h-76.8", "v-86.4", "h-105.6" ] ],
    [ "bb2:6b.g", "bb1:24t.a", "green", [ "v-19.2", "h-105.6", "v-105.6", "h-96" ] ],
    [ "bb2:7t.a", "bb1:22t.a", "orange", [ "v-57.6", "h-230.4" ] ],
    [ "bb2:8t.a", "bb1:21t.a", "yellow", [ "v-67.2", "h-249.6" ] ],
    [ "bb2:27b.j", "bb1:20t.a", "magenta", [ "v-9.6", "h-124.8", "v-172.8", "h-316.8" ] ],
    [ "bb2:25t.a", "bb1:17t.a", "blue", [ "v-96", "h-451.2" ] ],
    [ "bb2:22t.a", "bb1:16t.a", "violet", [ "v-105.6", "h-432" ] ],
    [ "bb2:26t.a", "bb1:19t.a", "white", [ "v-86.4", "h-441.6" ] ],
    [ "bb2:2t.b", "bb1:29t.a", "blue", [ "v-19.2", "h-115.2" ] ],
    [ "vcc1:VCC", "bb2:tp.24", "red", [ "v0" ] ],
    [ "pot1:GND", "bb2:tn.27", "black", [ "v-14.8", "h-28.8" ] ],
    [ "bb2:39t.c", "bb2:36t.c", "red", [ "v0" ] ],
    [ "bb2:36t.a", "bb2:tp.29", "red", [ "v0" ] ],
    [ "bb2:49t.e", "bb2:49b.f", "red", [ "v0" ] ],
    [ "bb2:50t.e", "bb2:50b.f", "black", [ "v0" ] ],
    [ "bb2:58t.e", "bb2:58b.f", "red", [ "v0" ] ],
    [ "bb2:58b.j", "bb2:bp.47", "red", [ "v0" ] ],
    [ "bb2:57t.e", "bb2:57b.f", "black", [ "v0" ] ],
    [ "bb2:57b.j", "bb2:bn.46", "black", [ "v0" ] ],
    [ "bb2:40b.j", "bb2:bn.32", "black", [ "v0" ] ],
    [ "bb2:38b.j", "pico:GP16", "#8f4814", [ "v57.6", "h-614.4" ] ],
    [ "bb2:59t.e", "bb2:59b.f", "green", [ "v0" ] ],
    [ "pico:GP0", "bb1:30t.c", "", [ "$bb" ] ],
    [ "pico:GP1", "bb1:29t.c", "", [ "$bb" ] ],
    [ "pico:GND.1", "bb1:28t.c", "", [ "$bb" ] ],
    [ "pico:GP2", "bb1:27t.c", "", [ "$bb" ] ],
    [ "pico:GP3", "bb1:26t.c", "", [ "$bb" ] ],
    [ "pico:GP4", "bb1:25t.c", "", [ "$bb" ] ],
    [ "pico:GP5", "bb1:24t.c", "", [ "$bb" ] ],
    [ "pico:GND.2", "bb1:23t.c", "", [ "$bb" ] ],
    [ "pico:GP6", "bb1:22t.c", "", [ "$bb" ] ],
    [ "pico:GP7", "bb1:21t.c", "", [ "$bb" ] ],
    [ "pico:GP8", "bb1:20t.c", "", [ "$bb" ] ],
    [ "pico:GP9", "bb1:19t.c", "", [ "$bb" ] ],
    [ "pico:GND.3", "bb1:18t.c", "", [ "$bb" ] ],
    [ "pico:GP10", "bb1:17t.c", "", [ "$bb" ] ],
    [ "pico:GP11", "bb1:16t.c", "", [ "$bb" ] ],
    [ "pico:GP12", "bb1:15t.c", "", [ "$bb" ] ],
    [ "pico:GP13", "bb1:14t.c", "", [ "$bb" ] ],
    [ "pico:GND.4", "bb1:13t.c", "", [ "$bb" ] ],
    [ "pico:GP14", "bb1:12t.c", "", [ "$bb" ] ],
    [ "pico:GP15", "bb1:11t.c", "", [ "$bb" ] ],
    [ "pico:GP16", "bb1:11b.h", "", [ "$bb" ] ],
    [ "pico:GP17", "bb1:12b.h", "", [ "$bb" ] ],
    [ "pico:GND.5", "bb1:13b.h", "", [ "$bb" ] ],
    [ "pico:GP18", "bb1:14b.h", "", [ "$bb" ] ],
    [ "pico:GP19", "bb1:15b.h", "", [ "$bb" ] ],
    [ "pico:GP20", "bb1:16b.h", "", [ "$bb" ] ],
    [ "pico:GP21", "bb1:17b.h", "", [ "$bb" ] ],
    [ "pico:GND.6", "bb1:18b.h", "", [ "$bb" ] ],
    [ "pico:GP22", "bb1:19b.h", "", [ "$bb" ] ],
    [ "pico:RUN", "bb1:20b.h", "", [ "$bb" ] ],
    [ "pico:GP26", "bb1:21b.h", "", [ "$bb" ] ],
    [ "pico:GP27", "bb1:22b.h", "", [ "$bb" ] ],
    [ "pico:GND.7", "bb1:23b.h", "", [ "$bb" ] ],
    [ "pico:GP28", "bb1:24b.h", "", [ "$bb" ] ],
    [ "pico:ADC_VREF", "bb1:25b.h", "", [ "$bb" ] ],
    [ "pico:3V3", "bb1:26b.h", "", [ "$bb" ] ],
    [ "pico:3V3_EN", "bb1:27b.h", "", [ "$bb" ] ],
    [ "pico:GND.8", "bb1:28b.h", "", [ "$bb" ] ],
    [ "pico:VSYS", "bb1:29b.h", "", [ "$bb" ] ],
    [ "pico:VBUS", "bb1:30b.h", "", [ "$bb" ] ],
    [ "bb2:tp.49", "ldr1:VCC", "red", [ "v29.1", "h-0.8" ] ],
    [ "bb2:tn.49", "ntc1:GND", "black", [ "v9.5", "h-29.6" ] ],
    [ "bb2:tp.48", "ntc1:VCC", "red", [ "v-18.9", "h-39.2", "v48" ] ],
    [ "ntc1:OUT", "bb2:60t.b", "violet", [ "v0" ] ],
    [ "ldr1:GND", "bb2:tn.48", "black", [ "v-28.8", "h106" ] ],
    [ "ldr1:AO", "bb2:59t.c", "green", [ "v0" ] ],
    [ "bb2:41t.c", "bb2:58t.d", "green", [ "v0" ] ],
    [ "bb2:59t.e", "bb2:58b.f", "green", [ "v19.2", "h-9.6" ] ],
    [ "bb1:21b.j", "bb2:58b.j", "green", [ "v86.4", "h470.4" ] ],
    [ "sevseg5:A", "bb2:23t.c", "", [ "$bb" ] ],
    [ "sevseg5:B", "bb2:27t.c", "", [ "$bb" ] ],
    [ "sevseg5:C", "bb2:25b.h", "", [ "$bb" ] ],
    [ "sevseg5:D", "bb2:23b.h", "", [ "$bb" ] ],
    [ "sevseg5:E", "bb2:22b.h", "", [ "$bb" ] ],
    [ "sevseg5:F", "bb2:24t.c", "", [ "$bb" ] ],
    [ "sevseg5:G", "bb2:26b.h", "", [ "$bb" ] ],
    [ "sevseg5:DP", "bb2:24b.h", "", [ "$bb" ] ],
    [ "sevseg5:DIG1", "bb2:22t.c", "", [ "$bb" ] ],
    [ "sevseg5:DIG2", "bb2:25t.c", "", [ "$bb" ] ],
    [ "sevseg5:DIG3", "bb2:26t.c", "", [ "$bb" ] ],
    [ "sevseg5:DIG4", "bb2:27b.h", "", [ "$bb" ] ],
    [ "sevseg5:COM", "bb2:28b.h", "", [ "$bb" ] ],
    [ "sevseg5:CLN", "bb2:28t.c", "", [ "$bb" ] ],
    [ "pot1:VCC", "bb2:39t.b", "", [ "$bb" ] ],
    [ "pot1:SIG", "bb2:41t.b", "", [ "$bb" ] ],
    [ "btn1:1.l", "bb2:40t.d", "", [ "$bb" ] ],
    [ "btn1:2.l", "bb2:38t.d", "", [ "$bb" ] ],
    [ "btn1:1.r", "bb2:40b.i", "", [ "$bb" ] ],
    [ "btn1:2.r", "bb2:38b.i", "", [ "$bb" ] ],
    [ "ldr1:VCC", "bb2:49t.a", "", [ "$bb" ] ],
    [ "ldr1:GND", "bb2:48t.a", "", [ "$bb" ] ],
    [ "ldr1:DO", "bb2:47t.a", "", [ "$bb" ] ],
    [ "ldr1:AO", "bb2:46t.a", "", [ "$bb" ] ],
    [ "ntc1:GND", "bb2:56t.a", "", [ "$bb" ] ],
    [ "ntc1:VCC", "bb2:55t.a", "", [ "$bb" ] ],
    [ "ntc1:OUT", "bb2:54t.a", "", [ "$bb" ] ]
  ],
  "dependencies": {}
}